{"accuracy_score": 0.8085714285714286, "f1_score": 0.8011869436201781, "precision_score": 0.7848837209302325, "recall_score": 0.8181818181818182, "roc_auc_score": 0.8090909090909092}